{
	"close":false,
	"natures":["egretProject"],
	"resourcePlugin":{
		"configs":[{
				"configPath":"resource/default.res.json",
				"relativePath":"resource/"
			}],
		"id":"",
		"library":{
			"children":[
				{
					"isFolder":false,
					"key":"resource/sky/Mars_skybox_back.jpg",
					"name":"Mars_skybox_back.jpg"
				},
				{
					"isFolder":false,
					"key":"resource/sky/Mars_skybox_down.jpg",
					"name":"Mars_skybox_down.jpg"
				},
				{
					"isFolder":false,
					"key":"resource/sky/Mars_skybox_front.jpg",
					"name":"Mars_skybox_front.jpg"
				},
				{
					"isFolder":false,
					"key":"resource/sky/Mars_skybox_left.jpg",
					"name":"Mars_skybox_left.jpg"
				},
				{
					"isFolder":false,
					"key":"resource/sky/Mars_skybox_right.jpg",
					"name":"Mars_skybox_right.jpg"
				},
				{
					"isFolder":false,
					"key":"resource/sky/Mars_skybox_up.jpg",
					"name":"Mars_skybox_up.jpg"
				},
				{
					"isFolder":false,
					"key":"resource/sky/cloudy_noon_BK.png",
					"name":"cloudy_noon_BK.png"
				},
				{
					"isFolder":false,
					"key":"resource/sky/cloudy_noon_DN.png",
					"name":"cloudy_noon_DN.png"
				},
				{
					"isFolder":false,
					"key":"resource/sky/cloudy_noon_FR.png",
					"name":"cloudy_noon_FR.png"
				},
				{
					"isFolder":false,
					"key":"resource/sky/cloudy_noon_LF.png",
					"name":"cloudy_noon_LF.png"
				},
				{
					"isFolder":false,
					"key":"resource/sky/cloudy_noon_RT.png",
					"name":"cloudy_noon_RT.png"
				},
				{
					"isFolder":false,
					"key":"resource/sky/cloudy_noon_UP.png",
					"name":"cloudy_noon_UP.png"
				},
				{
					"isFolder":false,
					"key":"resource/white.jpg",
					"name":"white.jpg"
				}
			]
		}
	}
}