{
	"close":false,
	"natures":["egretProject"],
	"resourcePlugin":{
		"configs":[{
				"configPath":"resource/default.res.json",
				"relativePath":"resource/"
			}],
		"id":"",
		"library":{
			"children":[
				{
					"isFolder":false,
					"key":"resource/white.jpg",
					"name":"white.jpg"
				},
				{
					"isFolder":false,
					"key":"resource/SkyBox/back.jpg",
					"name":"back.jpg"
				},
				{
					"isFolder":false,
					"key":"resource/SkyBox/bottom.jpg",
					"name":"bottom.jpg"
				},
				{
					"isFolder":false,
					"key":"resource/SkyBox/front.jpg",
					"name":"front.jpg"
				},
				{
					"isFolder":false,
					"key":"resource/SkyBox/left.jpg",
					"name":"left.jpg"
				},
				{
					"isFolder":false,
					"key":"resource/SkyBox/right.jpg",
					"name":"right.jpg"
				},
				{
					"isFolder":false,
					"key":"resource/SkyBox/top.jpg",
					"name":"top.jpg"
				},
				{
					"isFolder":false,
					"key":"resource/scene/fangzi2.png",
					"name":"fangzi2.png"
				}
			]
		}
	}
}