{
	"close":false,
	"natures":["egretProject"],
	"resourcePlugin":{
		"configs":[{
				"configPath":"resource/default.res.json",
				"relativePath":"resource/"
			}],
		"id":"",
		"library":{
			"children":[
				{
					"isFolder":false,
					"key":"resource/SkyBox/skybox_clear_b.jpg",
					"name":"skybox_clear_b.jpg"
				},
				{
					"isFolder":false,
					"key":"resource/SkyBox/skybox_clear_d.jpg",
					"name":"skybox_clear_d.jpg"
				},
				{
					"isFolder":false,
					"key":"resource/SkyBox/skybox_clear_f.jpg",
					"name":"skybox_clear_f.jpg"
				},
				{
					"isFolder":false,
					"key":"resource/SkyBox/skybox_clear_l.jpg",
					"name":"skybox_clear_l.jpg"
				},
				{
					"isFolder":false,
					"key":"resource/SkyBox/skybox_clear_r.jpg",
					"name":"skybox_clear_r.jpg"
				},
				{
					"isFolder":false,
					"key":"resource/SkyBox/skybox_clear_u.jpg",
					"name":"skybox_clear_u.jpg"
				},
				{
					"isFolder":false,
					"key":"resource/white.jpg",
					"name":"white.jpg"
				}
			]
		}
	}
}